,name,link,image,price
1,Burberry Brit Oxford Abown Polo,https://shop.nordstrom.comhttps://shop.nordstrom.com/s/burberry-brit-oxford-abown-polo/4557619?origin=keywordsearch-personalizedsort&fashioncolor=BRIGHT%20BLUE,https://n.nordstrommedia.com/ImageGallery/store/product/Zoom/6/_103137566.jpg?fit=fill&fm=jpg&dpr=2&h=368&w=240&quality=45&tradecacheforcash=yes,$175.00
2,Topman Classic Fit Stand Collar Oxford Shirt,https://shop.nordstrom.comhttps://shop.nordstrom.com/s/topman-classic-fit-stand-collar-oxford-shirt/4728987?origin=keywordsearch-personalizedsort&fashioncolor=WHITE,https://n.nordstrommedia.com/ImageGallery/store/product/Zoom/7/_101304067.jpg?fit=fill&fm=jpg&dpr=2&h=368&w=240&quality=45&tradecacheforcash=yes,$35.00
3,Ted Baker London Endurance Driss Trim Fit Geometric Oxford Dress Shirt,https://shop.nordstrom.comhttps://shop.nordstrom.com/s/ted-baker-london-endurance-driss-trim-fit-geometric-oxford-dress-shirt/4848786?origin=keywordsearch-personalizedsort&fashioncolor=NAVY,https://n.nordstrommedia.com/ImageGallery/store/product/Zoom/15/_102608995.jpg?fit=fill&fm=jpg&dpr=2&h=368&w=240&quality=45&tradecacheforcash=yes,$110.00
4,David Donahue Regular Fit Oxford Dress Shirt,https://shop.nordstrom.comhttps://shop.nordstrom.com/s/david-donahue-regular-fit-oxford-dress-shirt/3233680?origin=keywordsearch-personalizedsort&fashioncolor=SKY,https://n.nordstrommedia.com/ImageGallery/store/product/Zoom/1/_101336561.jpg?fit=fill&fm=jpg&dpr=2&h=368&w=240&quality=45&tradecacheforcash=yes,$135.00
5,RVCA 'That'll Do' Slim Fit Short Sleeve Oxford Shirt,https://shop.nordstrom.comhttps://shop.nordstrom.com/s/rvca-thatll-do-slim-fit-short-sleeve-oxford-shirt/3512110?origin=keywordsearch-personalizedsort&fashioncolor=COBALT,https://n.nordstrommedia.com/ImageGallery/store/product/Zoom/10/_102493790.jpg?fit=fill&fm=jpg&dpr=2&h=368&w=240&quality=45&tradecacheforcash=yes,$50.00
6,Topman Muscle Fit Oxford Shirt,https://shop.nordstrom.comhttps://shop.nordstrom.com/s/topman-muscle-fit-oxford-shirt/4833015?origin=keywordsearch-personalizedsort&fashioncolor=BLACK,https://n.nordstrommedia.com/ImageGallery/store/product/Zoom/15/_102118855.jpg?fit=fill&fm=jpg&dpr=2&h=368&w=240&quality=45&tradecacheforcash=yes,$35.00
7,1901 Trim Fit Giraffe Embroidered Oxford Sport Shirt,https://shop.nordstrom.comhttps://shop.nordstrom.com/s/1901-trim-fit-giraffe-embroidered-oxford-sport-shirt/4743667?origin=keywordsearch-personalizedsort&fashioncolor=GREEN%20BRONZE%20WHITE%20GIRAFFES,https://n.nordstrommedia.com/ImageGallery/store/product/Zoom/7/_102532267.jpg?fit=fill&fm=jpg&dpr=2&h=368&w=240&quality=45&tradecacheforcash=yes,$32.98
8,Gitman Regular Fit Pinpoint Cotton Oxford Button Down Dress Shirt,https://shop.nordstrom.comhttps://shop.nordstrom.com/s/gitman-regular-fit-pinpoint-cotton-oxford-button-down-dress-shirt/3744658?origin=keywordsearch-personalizedsort&fashioncolor=BLUE,https://n.nordstrommedia.com/ImageGallery/store/product/Zoom/19/_9088359.jpg?fit=fill&fm=jpg&dpr=2&h=368&w=240&quality=45&tradecacheforcash=yes,$145.00 – $155.00
9,Topman Oxford Shirt,https://shop.nordstrom.comhttps://shop.nordstrom.com/s/topman-oxford-shirt/4911293?origin=keywordsearch-personalizedsort&fashioncolor=NAVY%20BLUE,https://n.nordstrommedia.com/ImageGallery/store/product/Zoom/2/_102640282.jpg?fit=fill&fm=jpg&dpr=2&h=368&w=240&quality=45&tradecacheforcash=yes,$40.00
10,Ted Baker London Wonky Trim Fit Oxford Sport Shirt,https://shop.nordstrom.comhttps://shop.nordstrom.com/s/ted-baker-london-wonky-trim-fit-oxford-sport-shirt/4832417?origin=keywordsearch-personalizedsort&fashioncolor=WHITE,https://n.nordstrommedia.com/ImageGallery/store/product/Zoom/0/_102394040.jpg?fit=fill&fm=jpg&dpr=2&h=368&w=240&quality=45&tradecacheforcash=yes,$149.00
11,1901 Trim Fit Print Washed Oxford Sport Shirt,https://shop.nordstrom.comhttps://shop.nordstrom.com/s/1901-trim-fit-print-washed-oxford-sport-shirt/4730848?origin=keywordsearch-personalizedsort&fashioncolor=NAVY%20NIGHT%20TRIPLE%20DOT,https://n.nordstrommedia.com/ImageGallery/store/product/Zoom/13/_102616813.jpg?fit=fill&fm=jpg&dpr=2&h=368&w=240&quality=45&tradecacheforcash=yes,$55.00
12,1901 Trim Fit Washed Oxford Shirt,https://shop.nordstrom.comhttps://shop.nordstrom.com/s/1901-trim-fit-washed-oxford-shirt/4802734?origin=keywordsearch-personalizedsort&fashioncolor=WHITE%20OXFORD,https://n.nordstrommedia.com/ImageGallery/store/product/Zoom/13/_101146673.jpg?fit=fill&fm=jpg&dpr=2&h=368&w=240&quality=45&tradecacheforcash=yes,$49.50
13,Burberry Brit 'Oxford' Long Sleeve Polo,https://shop.nordstrom.comhttps://shop.nordstrom.com/s/burberry-brit-oxford-long-sleeve-polo/4574693?origin=keywordsearch-personalizedsort&fashioncolor=DARK%20CHARCOAL%20MELANGE,https://n.nordstrommedia.com/ImageGallery/store/product/Zoom/9/_13318549.jpg?fit=fill&fm=jpg&dpr=2&h=368&w=240&quality=45&tradecacheforcash=yes,$195.00
14,Volcom Everett Oxford Shirt,https://shop.nordstrom.comhttps://shop.nordstrom.com/s/volcom-everett-oxford-shirt/4778121?origin=keywordsearch-personalizedsort&fashioncolor=INDIGOWORK,https://n.nordstrommedia.com/ImageGallery/store/product/Zoom/11/_102909051.jpg?fit=fill&fm=jpg&dpr=2&h=368&w=240&quality=45&tradecacheforcash=yes,$50.00
15,Gitman 'Cambridge Oxford' Regular Fit Dress Shirt,https://shop.nordstrom.comhttps://shop.nordstrom.com/s/gitman-cambridge-oxford-regular-fit-dress-shirt/4051268?origin=keywordsearch-personalizedsort&fashioncolor=BLUE,https://n.nordstrommedia.com/ImageGallery/store/product/Zoom/2/_10835362.jpg?fit=fill&fm=jpg&dpr=2&h=368&w=240&quality=45&tradecacheforcash=yes,$155.00
16,Scotch & Soda Classic Oxford Shirt,https://shop.nordstrom.comhttps://shop.nordstrom.com/s/scotch-soda-classic-oxford-shirt/4829675?origin=keywordsearch-personalizedsort&fashioncolor=WHITE,https://n.nordstrommedia.com/ImageGallery/store/product/Zoom/2/_103106782.jpg?fit=fill&fm=jpg&dpr=2&h=368&w=240&quality=45&tradecacheforcash=yes,$125.00
17,Gitman Regular Fit Pinpoint Cotton Oxford Point Collar Dress Shirt,https://shop.nordstrom.comhttps://shop.nordstrom.com/s/gitman-regular-fit-pinpoint-cotton-oxford-point-collar-dress-shirt/3744656?origin=keywordsearch-personalizedsort&fashioncolor=WHITE,https://n.nordstrommedia.com/ImageGallery/store/product/Zoom/9/_9088789.jpg?fit=fill&fm=jpg&dpr=2&h=368&w=240&quality=45&tradecacheforcash=yes,$145.00 – $155.00
18,J.Crew Slim Fit Stretch Pima Cotton Oxford Shirt,https://shop.nordstrom.comhttps://shop.nordstrom.com/s/j-crew-slim-fit-stretch-pima-cotton-oxford-shirt/4863944?origin=keywordsearch-personalizedsort&fashioncolor=WHITE,https://n.nordstrommedia.com/ImageGallery/store/product/Zoom/6/_102922186.jpg?fit=fill&fm=jpg&dpr=2&h=368&w=240&quality=45&tradecacheforcash=yes,$69.50
19,Volcom Stretch Oxford Shirt,https://shop.nordstrom.comhttps://shop.nordstrom.com/s/volcom-stretch-oxford-shirt/4897049?origin=keywordsearch-personalizedsort&fashioncolor=BLACK,https://n.nordstrommedia.com/ImageGallery/store/product/Zoom/5/_102909045.jpg?fit=fill&fm=jpg&dpr=2&h=368&w=240&quality=45&tradecacheforcash=yes,$55.00
20,J.Crew Classic Fit Stretch Pima Cotton Oxford Shirt,https://shop.nordstrom.comhttps://shop.nordstrom.com/s/j-crew-classic-fit-stretch-pima-cotton-oxford-shirt/4863926?origin=keywordsearch-personalizedsort&fashioncolor=BRIGHT%20BUTTERNUT,https://n.nordstrommedia.com/ImageGallery/store/product/Zoom/7/_102839047.jpg?fit=fill&fm=jpg&dpr=2&h=368&w=240&quality=45&tradecacheforcash=yes,$64.50
21,Original Penguin Heritage Slim Fit Oxford Shirt,https://shop.nordstrom.comhttps://shop.nordstrom.com/s/original-penguin-heritage-slim-fit-oxford-shirt/4875537?origin=keywordsearch-personalizedsort&fashioncolor=IMPATIENS%20PINK,https://n.nordstrommedia.com/ImageGallery/store/product/Zoom/14/_102509674.jpg?fit=fill&fm=jpg&dpr=2&h=368&w=240&quality=45&tradecacheforcash=yes,$89.00
22,Gitman 'Cambridge Oxford' Regular Fit Stripe Dress Shirt,https://shop.nordstrom.comhttps://shop.nordstrom.com/s/gitman-cambridge-oxford-regular-fit-stripe-dress-shirt/4050436?origin=keywordsearch-personalizedsort&fashioncolor=BLUE,https://n.nordstrommedia.com/ImageGallery/store/product/Zoom/8/_10853788.jpg?fit=fill&fm=jpg&dpr=2&h=368&w=240&quality=45&tradecacheforcash=yes,$165.00
23,Gitman Royal Oxford Tailored Fit Dress Shirt,https://shop.nordstrom.comhttps://shop.nordstrom.com/s/gitman-royal-oxford-tailored-fit-dress-shirt/4449578?origin=keywordsearch-personalizedsort&fashioncolor=BLUE,https://n.nordstrommedia.com/ImageGallery/store/product/Zoom/16/_13364336.jpg?fit=fill&fm=jpg&dpr=2&h=368&w=240&quality=45&tradecacheforcash=yes,$175.00
24,French Connection Regular Fit Overwash Oxford Sports Shirt,https://shop.nordstrom.comhttps://shop.nordstrom.com/s/french-connection-regular-fit-overwash-oxford-sports-shirt/4857867?origin=keywordsearch-personalizedsort&fashioncolor=WHITE,https://n.nordstrommedia.com/ImageGallery/store/product/Zoom/13/_102345793.jpg?fit=fill&fm=jpg&dpr=2&h=368&w=240&quality=45&tradecacheforcash=yes,$58.96
25,Ledbury 'Royal Oxford' Slim Fit Dress Shirt,https://shop.nordstrom.comhttps://shop.nordstrom.com/s/slim-dress-shirt/4267815?origin=keywordsearch-personalizedsort&fashioncolor=BLUE,https://n.nordstrommedia.com/ImageGallery/store/product/Zoom/8/_12206008.jpg?fit=fill&fm=jpg&dpr=2&h=368&w=240&quality=45&tradecacheforcash=yes,$145.00
26,Hurley Pescado Short Sleeve Oxford Shirt,https://shop.nordstrom.comhttps://shop.nordstrom.com/s/hurley-pescado-short-sleeve-oxford-shirt/4867313?origin=keywordsearch-personalizedsort&fashioncolor=OBSIDIAN,https://n.nordstrommedia.com/ImageGallery/store/product/Zoom/10/_102677990.jpg?fit=fill&fm=jpg&dpr=2&h=368&w=240&quality=45&tradecacheforcash=yes,$55.00
27,Vintage 1946 Plaid Oxford Sport Shirt,https://shop.nordstrom.comhttps://shop.nordstrom.com/s/vintage-1946-plaid-oxford-sport-shirt/4912831?origin=keywordsearch-personalizedsort&fashioncolor=PINK,https://n.nordstrommedia.com/ImageGallery/store/product/Zoom/8/_102773748.jpg?fit=fill&fm=jpg&dpr=2&h=368&w=240&quality=45&tradecacheforcash=yes,$69.50
28,Scotch & Soda Oxford Shirt,https://shop.nordstrom.comhttps://shop.nordstrom.com/s/scotch-soda-oxford-shirt/4829676?origin=keywordsearch-personalizedsort&fashioncolor=COMBO%20A,https://n.nordstrommedia.com/ImageGallery/store/product/Zoom/8/_102840848.jpg?fit=fill&fm=jpg&dpr=2&h=368&w=240&quality=45&tradecacheforcash=yes,$115.00
29,Acne Studios Ohio Face Patch Oxford Shirt,https://shop.nordstrom.comhttps://shop.nordstrom.com/s/acne-studios-ohio-face-patch-oxford-shirt/4688622?origin=keywordsearch-personalizedsort&fashioncolor=OPTIC%20WHITE,https://n.nordstrommedia.com/ImageGallery/store/product/Zoom/1/_102038941.jpg?fit=fill&fm=jpg&dpr=2&h=368&w=240&quality=45&tradecacheforcash=yes,$250.00
30,A.P.C. Oliver Stripe Oxford Shirt,https://shop.nordstrom.comhttps://shop.nordstrom.com/s/a-p-c-oliver-stripe-oxford-shirt/4805699?origin=keywordsearch-personalizedsort&fashioncolor=BLUE,https://n.nordstrommedia.com/ImageGallery/store/product/Zoom/14/_101995854.jpg?fit=fill&fm=jpg&dpr=2&h=368&w=240&quality=45&tradecacheforcash=yes,$220.00
31,Original Penguin Knit Oxford Shirt,https://shop.nordstrom.comhttps://shop.nordstrom.com/s/original-penguin-knit-oxford-shirt/4910042?origin=keywordsearch-personalizedsort&fashioncolor=DARK%20SAPPHIRE,https://n.nordstrommedia.com/ImageGallery/store/product/Zoom/16/_102847876.jpg?fit=fill&fm=jpg&dpr=2&h=368&w=240&quality=45&tradecacheforcash=yes,$89.00
32,Robert Talbott Classic Fit Oxford Dress Shirt,https://shop.nordstrom.comhttps://shop.nordstrom.com/s/robert-talbott-classic-fit-oxford-dress-shirt/4732920?origin=keywordsearch-personalizedsort&fashioncolor=INDIGO,https://n.nordstrommedia.com/ImageGallery/store/product/Zoom/0/_101362540.jpg?fit=fill&fm=jpg&dpr=2&h=368&w=240&quality=45&tradecacheforcash=yes,$248.00
33,Thom Browne Short Sleeve Pullover Oxford Shirt,https://shop.nordstrom.comhttps://shop.nordstrom.com/s/thom-browne-short-sleeve-pullover-oxford-shirt/4754621?origin=keywordsearch-personalizedsort&fashioncolor=WHITE,https://n.nordstrommedia.com/ImageGallery/store/product/Zoom/12/_102917652.jpg?fit=fill&fm=jpg&dpr=2&h=368&w=240&quality=45&tradecacheforcash=yes,$450.00
34,Lorenzo Uomo Trim Fit Oxford Dress Shirt,https://shop.nordstrom.comhttps://shop.nordstrom.com/s/lorenzo-uomo-trim-fit-oxford-dress-shirt/4896413?origin=keywordsearch-personalizedsort&fashioncolor=PINK,https://n.nordstrommedia.com/ImageGallery/store/product/Zoom/12/_102613072.jpg?fit=fill&fm=jpg&dpr=2&h=368&w=240&quality=45&tradecacheforcash=yes,$95.00
35,J.Crew Slim Fit Stretch Stripe Pima Cotton Oxford Shirt,https://shop.nordstrom.comhttps://shop.nordstrom.com/s/j-crew-slim-fit-stretch-stripe-pima-cotton-oxford-shirt/4863943?origin=keywordsearch-personalizedsort&fashioncolor=RAINCOAT%20BLUE,https://n.nordstrommedia.com/ImageGallery/store/product/Zoom/11/_102950611.jpg?fit=fill&fm=jpg&dpr=2&h=368&w=240&quality=45&tradecacheforcash=yes,$64.50
36,Thom Browne Extra Trim Fit Oxford Shirt with Grosgrain Trim,https://shop.nordstrom.comhttps://shop.nordstrom.com/s/thom-browne-extra-trim-fit-oxford-shirt-with-grosgrain-trim/4336005?origin=keywordsearch-personalizedsort&fashioncolor=LIGHT%20BLUE,https://n.nordstrommedia.com/ImageGallery/store/product/Zoom/16/_102192496.jpg?fit=fill&fm=jpg&dpr=2&h=368&w=240&quality=45&tradecacheforcash=yes,$425.00
37,Thom Browne Oxford Shirt,https://shop.nordstrom.comhttps://shop.nordstrom.com/s/thom-browne-oxford-shirt/4754629?origin=keywordsearch-personalizedsort&fashioncolor=WHITE,https://n.nordstrommedia.com/ImageGallery/store/product/Zoom/15/_102193835.jpg?fit=fill&fm=jpg&dpr=2&h=368&w=240&quality=45&tradecacheforcash=yes,$450.00
38,Robert Talbott Anderson Classic Fit Plaid Oxford Sport Shirt,https://shop.nordstrom.comhttps://shop.nordstrom.com/s/robert-talbott-anderson-classic-fit-plaid-oxford-sport-shirt/4615991?origin=keywordsearch-personalizedsort&fashioncolor=NAVY,https://n.nordstrommedia.com/ImageGallery/store/product/Zoom/7/_100629687.jpg?fit=fill&fm=jpg&dpr=2&h=368&w=240&quality=45&tradecacheforcash=yes,$198.00
39,Cutter & Buck Blaine Oxford Polo,https://shop.nordstrom.comhttps://shop.nordstrom.com/s/cutter-buck-blaine-oxford-polo/3872978?origin=keywordsearch-personalizedsort&fashioncolor=TOUR%20BLUE%2F%20WHITE,https://n.nordstrommedia.com/ImageGallery/store/product/Zoom/18/_9703898.jpg?fit=fill&fm=jpg&dpr=2&h=368&w=240&quality=45&tradecacheforcash=yes,$68.00
40,Officine Generale Oxford Shirt,https://shop.nordstrom.comhttps://shop.nordstrom.com/s/officine-generale-oxford-shirt/4822181?origin=keywordsearch-personalizedsort&fashioncolor=NAVY,https://n.nordstrommedia.com/ImageGallery/store/product/Zoom/18/_102081198.jpg?fit=fill&fm=jpg&dpr=2&h=368&w=240&quality=45&tradecacheforcash=yes,$195.00
41,Cutter & Buck 'Blaine Oxford' Moisture Wicking Dry Tec Polo,https://shop.nordstrom.comhttps://shop.nordstrom.com/s/cutter-buck-blaine-oxford-moisture-wicking-dry-tec-polo/3871905?origin=keywordsearch-personalizedsort&fashioncolor=MAGNETIC%2F%20WHITE,https://n.nordstrommedia.com/ImageGallery/store/product/Zoom/19/_102771279.jpg?fit=fill&fm=jpg&dpr=2&h=368&w=240&quality=45&tradecacheforcash=yes,$60.00
42,BOSS Rod Slim Fit Oxford Check Sport Shirt,https://shop.nordstrom.comhttps://shop.nordstrom.com/s/boss-rod-slim-fit-oxford-check-sport-shirt/4841966?origin=keywordsearch-personalizedsort&fashioncolor=BLUE,https://n.nordstrommedia.com/ImageGallery/store/product/Zoom/1/_102518341.jpg?fit=fill&fm=jpg&dpr=2&h=368&w=240&quality=45&tradecacheforcash=yes,$80.98
43, Nautica Men's Oxford Shirt ,https://www.macys.com/shop/product/nautica-mens-oxford-shirt?ID=5531788&CategoryID=20627#fn=GENDER%3DMen%26SIZE%3D%26sp%3D1%26spc%3D71%26ruleId%3D9%26kws%3Doxford%20shirt%26searchPass%3DallMultiMatchWithSpelling%26slotId%3D1,https://www.macys.com/shop/product/nautica-mens-oxford-shirt?ID=5531788&CategoryID=20627#fn=GENDER%3DMen%26SIZE%3D%26sp%3D1%26spc%3D71%26ruleId%3D9%26kws%3Doxford%20shirt%26searchPass%3DallMultiMatchWithSpelling%26slotId%3D1,$75.00
44, Lacoste Men's Oxford Shirt ,https://www.macys.com/shop/product/lacoste-mens-oxford-shirt?ID=5628882&CategoryID=20627#fn=GENDER%3DMen%26SIZE%3D%26sp%3D1%26spc%3D71%26ruleId%3D9%26kws%3Doxford%20shirt%26searchPass%3DallMultiMatchWithSpelling%26slotId%3D2,https://www.macys.com/shop/product/lacoste-mens-oxford-shirt?ID=5628882&CategoryID=20627#fn=GENDER%3DMen%26SIZE%3D%26sp%3D1%26spc%3D71%26ruleId%3D9%26kws%3Doxford%20shirt%26searchPass%3DallMultiMatchWithSpelling%26slotId%3D2,$85.00
45, Nautica Men's Stretch Oxford Shirt  ,https://www.macys.com/shop/product/nautica-mens-stretch-oxford-shirt?ID=5722931&CategoryID=20627#fn=GENDER%3DMen%26SIZE%3D%26sp%3D1%26spc%3D71%26ruleId%3D9%26kws%3Doxford%20shirt%26searchPass%3DallMultiMatchWithSpelling%26slotId%3D4,https://www.macys.com/shop/product/nautica-mens-stretch-oxford-shirt?ID=5722931&CategoryID=20627#fn=GENDER%3DMen%26SIZE%3D%26sp%3D1%26spc%3D71%26ruleId%3D9%26kws%3Doxford%20shirt%26searchPass%3DallMultiMatchWithSpelling%26slotId%3D4,Sale $49.99
46, LRG Men's Classic Oxford Shirt ,https://www.macys.com/shop/product/lrg-mens-classic-oxford-shirt?ID=5774324&CategoryID=20627#fn=GENDER%3DMen%26SIZE%3D%26sp%3D1%26spc%3D71%26ruleId%3D9%26kws%3Doxford%20shirt%26searchPass%3DallMultiMatchWithSpelling%26slotId%3D5,https://www.macys.com/shop/product/lrg-mens-classic-oxford-shirt?ID=5774324&CategoryID=20627#fn=GENDER%3DMen%26SIZE%3D%26sp%3D1%26spc%3D71%26ruleId%3D9%26kws%3Doxford%20shirt%26searchPass%3DallMultiMatchWithSpelling%26slotId%3D5,$49.00
47, Volcom Men's Oxford Stretch Shirt,https://www.macys.com/shop/product/volcom-mens-oxford-stretch-shirt?ID=4994361&CategoryID=20627#fn=GENDER%3DMen%26SIZE%3D%26sp%3D1%26spc%3D71%26ruleId%3D9%26kws%3Doxford%20shirt%26searchPass%3DallMultiMatchWithSpelling%26slotId%3D6,https://www.macys.com/shop/product/volcom-mens-oxford-stretch-shirt?ID=4994361&CategoryID=20627#fn=GENDER%3DMen%26SIZE%3D%26sp%3D1%26spc%3D71%26ruleId%3D9%26kws%3Doxford%20shirt%26searchPass%3DallMultiMatchWithSpelling%26slotId%3D6,Now $41.25
48, Volcom Men's Everett Short-Sleeve Oxford Shirt,https://www.macys.com/shop/product/volcom-mens-everett-short-sleeve-oxford-shirt?ID=6119005&CategoryID=20627#fn=GENDER%3DMen%26SIZE%3D%26sp%3D1%26spc%3D71%26ruleId%3D9%26kws%3Doxford%20shirt%26searchPass%3DallMultiMatchWithSpelling%26slotId%3D7,https://www.macys.com/shop/product/volcom-mens-everett-short-sleeve-oxford-shirt?ID=6119005&CategoryID=20627#fn=GENDER%3DMen%26SIZE%3D%26sp%3D1%26spc%3D71%26ruleId%3D9%26kws%3Doxford%20shirt%26searchPass%3DallMultiMatchWithSpelling%26slotId%3D7,$50.00
49, Brooks Brothers Slim-Fit Oxford Cotton Shirt ,https://www.macys.com/shop/product/brooks-brothers-slim-fit-oxford-cotton-shirt?ID=5764003&CategoryID=20627#fn=GENDER%3DMen%26SIZE%3D%26sp%3D1%26spc%3D71%26ruleId%3D9%26kws%3Doxford%20shirt%26searchPass%3DallMultiMatchWithSpelling%26slotId%3D8,https://www.macys.com/shop/product/brooks-brothers-slim-fit-oxford-cotton-shirt?ID=5764003&CategoryID=20627#fn=GENDER%3DMen%26SIZE%3D%26sp%3D1%26spc%3D71%26ruleId%3D9%26kws%3Doxford%20shirt%26searchPass%3DallMultiMatchWithSpelling%26slotId%3D8,$49.50
50, Brooks Brothers Men's Check-Print Oxford Shirt,https://www.macys.com/shop/product/brooks-brothers-mens-check-print-oxford-shirt?ID=5365525&CategoryID=20627#fn=GENDER%3DMen%26SIZE%3D%26sp%3D1%26spc%3D71%26ruleId%3D9%26kws%3Doxford%20shirt%26searchPass%3DallMultiMatchWithSpelling%26slotId%3D9,https://www.macys.com/shop/product/brooks-brothers-mens-check-print-oxford-shirt?ID=5365525&CategoryID=20627#fn=GENDER%3DMen%26SIZE%3D%26sp%3D1%26spc%3D71%26ruleId%3D9%26kws%3Doxford%20shirt%26searchPass%3DallMultiMatchWithSpelling%26slotId%3D9,$59.50
51, Lacoste Men's Gingham Check Oxford Shirt,https://www.macys.com/shop/product/lacoste-mens-gingham-check-oxford-shirt?ID=5763286&CategoryID=20627#fn=GENDER%3DMen%26SIZE%3D%26sp%3D1%26spc%3D71%26ruleId%3D9%26kws%3Doxford%20shirt%26searchPass%3DallMultiMatchWithSpelling%26slotId%3D10,https://www.macys.com/shop/product/lacoste-mens-gingham-check-oxford-shirt?ID=5763286&CategoryID=20627#fn=GENDER%3DMen%26SIZE%3D%26sp%3D1%26spc%3D71%26ruleId%3D9%26kws%3Doxford%20shirt%26searchPass%3DallMultiMatchWithSpelling%26slotId%3D10,$89.50
52, LRG Men's Classics Two-Tone Oxford Shirt,https://www.macys.com/shop/product/lrg-mens-classics-two-tone-oxford-shirt?ID=5373791&CategoryID=20627#fn=GENDER%3DMen%26SIZE%3D%26sp%3D1%26spc%3D71%26ruleId%3D9%26kws%3Doxford%20shirt%26searchPass%3DallMultiMatchWithSpelling%26slotId%3D11,https://www.macys.com/shop/product/lrg-mens-classics-two-tone-oxford-shirt?ID=5373791&CategoryID=20627#fn=GENDER%3DMen%26SIZE%3D%26sp%3D1%26spc%3D71%26ruleId%3D9%26kws%3Doxford%20shirt%26searchPass%3DallMultiMatchWithSpelling%26slotId%3D11,Now $42.00
53, Volcom Men's Everett Oxford Cotton Shirt,https://www.macys.com/shop/product/volcom-mens-everett-oxford-cotton-shirt?ID=4465428&CategoryID=20627#fn=GENDER%3DMen%26SIZE%3D%26sp%3D1%26spc%3D71%26ruleId%3D9%26kws%3Doxford%20shirt%26searchPass%3DallMultiMatchWithSpelling%26slotId%3D12,https://www.macys.com/shop/product/volcom-mens-everett-oxford-cotton-shirt?ID=4465428&CategoryID=20627#fn=GENDER%3DMen%26SIZE%3D%26sp%3D1%26spc%3D71%26ruleId%3D9%26kws%3Doxford%20shirt%26searchPass%3DallMultiMatchWithSpelling%26slotId%3D12,Now $37.99
54, RVCA Men's That'll Do Oxford Shirt ,https://www.macys.com/shop/product/rvca-mens-thatll-do-oxford-shirt?ID=917466&CategoryID=20627#fn=GENDER%3DMen%26SIZE%3D%26sp%3D1%26spc%3D71%26ruleId%3D9%26kws%3Doxford%20shirt%26searchPass%3DallMultiMatchWithSpelling%26slotId%3D13,https://www.macys.com/shop/product/rvca-mens-thatll-do-oxford-shirt?ID=917466&CategoryID=20627#fn=GENDER%3DMen%26SIZE%3D%26sp%3D1%26spc%3D71%26ruleId%3D9%26kws%3Doxford%20shirt%26searchPass%3DallMultiMatchWithSpelling%26slotId%3D13,$55.00
55, Polo Ralph Lauren Men's Stretch Oxford Shirt,https://www.macys.com/shop/product/polo-ralph-lauren-mens-stretch-oxford-shirt?ID=5182034&CategoryID=20627#fn=GENDER%3DMen%26SIZE%3D%26sp%3D1%26spc%3D71%26ruleId%3D9%26kws%3Doxford%20shirt%26searchPass%3DallMultiMatchWithSpelling%26slotId%3D14,https://www.macys.com/shop/product/polo-ralph-lauren-mens-stretch-oxford-shirt?ID=5182034&CategoryID=20627#fn=GENDER%3DMen%26SIZE%3D%26sp%3D1%26spc%3D71%26ruleId%3D9%26kws%3Doxford%20shirt%26searchPass%3DallMultiMatchWithSpelling%26slotId%3D14,$89.50
56, Billabong Men's All Day Short-Sleeve Oxford Shirt,https://www.macys.com/shop/product/billabong-mens-all-day-short-sleeve-oxford-shirt?ID=6089047&CategoryID=20627#fn=GENDER%3DMen%26SIZE%3D%26sp%3D1%26spc%3D71%26ruleId%3D9%26kws%3Doxford%20shirt%26searchPass%3DallMultiMatchWithSpelling%26slotId%3D15,https://www.macys.com/shop/product/billabong-mens-all-day-short-sleeve-oxford-shirt?ID=6089047&CategoryID=20627#fn=GENDER%3DMen%26SIZE%3D%26sp%3D1%26spc%3D71%26ruleId%3D9%26kws%3Doxford%20shirt%26searchPass%3DallMultiMatchWithSpelling%26slotId%3D15,$49.95
57, Levi's® Men's Slim-Fit Striped Short-Sleeve Oxford Shirt,https://www.macys.com/shop/product/levis-mens-slim-fit-striped-short-sleeve-oxford-shirt?ID=5997064&CategoryID=20627#fn=GENDER%3DMen%26SIZE%3D%26sp%3D1%26spc%3D71%26ruleId%3D9%26kws%3Doxford%20shirt%26searchPass%3DallMultiMatchWithSpelling%26slotId%3D16,https://www.macys.com/shop/product/levis-mens-slim-fit-striped-short-sleeve-oxford-shirt?ID=5997064&CategoryID=20627#fn=GENDER%3DMen%26SIZE%3D%26sp%3D1%26spc%3D71%26ruleId%3D9%26kws%3Doxford%20shirt%26searchPass%3DallMultiMatchWithSpelling%26slotId%3D16,$44.50
58, BOSS Men's Sharp-Fit Oxford Cotton Dress Shirt,https://www.macys.com/shop/product/boss-mens-sharp-fit-oxford-cotton-dress-shirt?ID=5520395&CategoryID=20635#fn=GENDER%3DMen%26SIZE%3D%26sp%3D1%26spc%3D71%26ruleId%3D9%26kws%3Doxford%20shirt%26searchPass%3DallMultiMatchWithSpelling%26slotId%3D17,https://www.macys.com/shop/product/boss-mens-sharp-fit-oxford-cotton-dress-shirt?ID=5520395&CategoryID=20635#fn=GENDER%3DMen%26SIZE%3D%26sp%3D1%26spc%3D71%26ruleId%3D9%26kws%3Doxford%20shirt%26searchPass%3DallMultiMatchWithSpelling%26slotId%3D17,$128.00
59, Polo Ralph Lauren Men's Classic-Fit Oxford Shirt,https://www.macys.com/shop/product/polo-ralph-lauren-mens-classic-fit-oxford-shirt?ID=4852573&CategoryID=20627#fn=GENDER%3DMen%26SIZE%3D%26sp%3D1%26spc%3D71%26ruleId%3D9%26kws%3Doxford%20shirt%26searchPass%3DallMultiMatchWithSpelling%26slotId%3D18,https://www.macys.com/shop/product/polo-ralph-lauren-mens-classic-fit-oxford-shirt?ID=4852573&CategoryID=20627#fn=GENDER%3DMen%26SIZE%3D%26sp%3D1%26spc%3D71%26ruleId%3D9%26kws%3Doxford%20shirt%26searchPass%3DallMultiMatchWithSpelling%26slotId%3D18,$89.50
60, Barbour Men's Oscar Red Plaid Oxford Shirt,https://www.macys.com/shop/product/barbour-mens-oscar-red-plaid-oxford-shirt?ID=5774792&CategoryID=20627#fn=GENDER%3DMen%26SIZE%3D%26sp%3D1%26spc%3D71%26ruleId%3D9%26kws%3Doxford%20shirt%26searchPass%3DallMultiMatchWithSpelling%26slotId%3D20,https://www.macys.com/shop/product/barbour-mens-oscar-red-plaid-oxford-shirt?ID=5774792&CategoryID=20627#fn=GENDER%3DMen%26SIZE%3D%26sp%3D1%26spc%3D71%26ruleId%3D9%26kws%3Doxford%20shirt%26searchPass%3DallMultiMatchWithSpelling%26slotId%3D20,$99.00
61, Barbour Men's Oscar White Plaid Oxford Shirt,https://www.macys.com/shop/product/barbour-mens-oscar-white-plaid-oxford-shirt?ID=5774795&CategoryID=20627#fn=GENDER%3DMen%26SIZE%3D%26sp%3D1%26spc%3D71%26ruleId%3D9%26kws%3Doxford%20shirt%26searchPass%3DallMultiMatchWithSpelling%26slotId%3D21,https://www.macys.com/shop/product/barbour-mens-oscar-white-plaid-oxford-shirt?ID=5774795&CategoryID=20627#fn=GENDER%3DMen%26SIZE%3D%26sp%3D1%26spc%3D71%26ruleId%3D9%26kws%3Doxford%20shirt%26searchPass%3DallMultiMatchWithSpelling%26slotId%3D21,$99.00
62, BOSS Men's Sharp-Fit Cotton Oxford Dress Shirt,https://www.macys.com/shop/product/boss-mens-sharp-fit-cotton-oxford-dress-shirt?ID=5520362&CategoryID=20635#fn=GENDER%3DMen%26SIZE%3D%26sp%3D1%26spc%3D71%26ruleId%3D9%26kws%3Doxford%20shirt%26searchPass%3DallMultiMatchWithSpelling%26slotId%3D22,https://www.macys.com/shop/product/boss-mens-sharp-fit-cotton-oxford-dress-shirt?ID=5520362&CategoryID=20635#fn=GENDER%3DMen%26SIZE%3D%26sp%3D1%26spc%3D71%26ruleId%3D9%26kws%3Doxford%20shirt%26searchPass%3DallMultiMatchWithSpelling%26slotId%3D22,$128.00
63, Polo Ralph Lauren Men's Slim-Fit Oxford Shirt,https://www.macys.com/shop/product/polo-ralph-lauren-mens-slim-fit-oxford-shirt?ID=4855226&CategoryID=20627#fn=GENDER%3DMen%26SIZE%3D%26sp%3D1%26spc%3D71%26ruleId%3D9%26kws%3Doxford%20shirt%26searchPass%3DallMultiMatchWithSpelling%26slotId%3D23,https://www.macys.com/shop/product/polo-ralph-lauren-mens-slim-fit-oxford-shirt?ID=4855226&CategoryID=20627#fn=GENDER%3DMen%26SIZE%3D%26sp%3D1%26spc%3D71%26ruleId%3D9%26kws%3Doxford%20shirt%26searchPass%3DallMultiMatchWithSpelling%26slotId%3D23,Sale $79.99
64, Polo Ralph Lauren Men's Striped Oxford Shirt,https://www.macys.com/shop/product/polo-ralph-lauren-mens-striped-oxford-shirt?ID=2990320&CategoryID=20627#fn=GENDER%3DMen%26SIZE%3D%26sp%3D1%26spc%3D71%26ruleId%3D9%26kws%3Doxford%20shirt%26searchPass%3DallMultiMatchWithSpelling%26slotId%3D24,https://www.macys.com/shop/product/polo-ralph-lauren-mens-striped-oxford-shirt?ID=2990320&CategoryID=20627#fn=GENDER%3DMen%26SIZE%3D%26sp%3D1%26spc%3D71%26ruleId%3D9%26kws%3Doxford%20shirt%26searchPass%3DallMultiMatchWithSpelling%26slotId%3D24,$85.00
65, Polo Ralph Lauren Men's Short-Sleeve Oxford Shirt,https://www.macys.com/shop/product/polo-ralph-lauren-mens-short-sleeve-oxford-shirt?ID=2990310&CategoryID=20627#fn=GENDER%3DMen%26SIZE%3D%26sp%3D1%26spc%3D71%26ruleId%3D9%26kws%3Doxford%20shirt%26searchPass%3DallMultiMatchWithSpelling%26slotId%3D25,https://www.macys.com/shop/product/polo-ralph-lauren-mens-short-sleeve-oxford-shirt?ID=2990310&CategoryID=20627#fn=GENDER%3DMen%26SIZE%3D%26sp%3D1%26spc%3D71%26ruleId%3D9%26kws%3Doxford%20shirt%26searchPass%3DallMultiMatchWithSpelling%26slotId%3D25,$85.00
66, Polo Ralph Lauren Men's Checked Oxford Shirt,https://www.macys.com/shop/product/polo-ralph-lauren-mens-checked-oxford-shirt?ID=2863310&CategoryID=20627#fn=GENDER%3DMen%26SIZE%3D%26sp%3D1%26spc%3D71%26ruleId%3D9%26kws%3Doxford%20shirt%26searchPass%3DallMultiMatchWithSpelling%26slotId%3D26,https://www.macys.com/shop/product/polo-ralph-lauren-mens-checked-oxford-shirt?ID=2863310&CategoryID=20627#fn=GENDER%3DMen%26SIZE%3D%26sp%3D1%26spc%3D71%26ruleId%3D9%26kws%3Doxford%20shirt%26searchPass%3DallMultiMatchWithSpelling%26slotId%3D26,$89.50
67, Polo Ralph Lauren Men's Classic Fit Oxford Shirt,https://www.macys.com/shop/product/polo-ralph-lauren-mens-classic-fit-oxford-shirt?ID=5182049&CategoryID=20627#fn=GENDER%3DMen%26SIZE%3D%26sp%3D1%26spc%3D71%26ruleId%3D9%26kws%3Doxford%20shirt%26searchPass%3DallMultiMatchWithSpelling%26slotId%3D27,https://www.macys.com/shop/product/polo-ralph-lauren-mens-classic-fit-oxford-shirt?ID=5182049&CategoryID=20627#fn=GENDER%3DMen%26SIZE%3D%26sp%3D1%26spc%3D71%26ruleId%3D9%26kws%3Doxford%20shirt%26searchPass%3DallMultiMatchWithSpelling%26slotId%3D27,$89.50
68, O'Neill Men's Banks Slim-Fit Stretch Oxford Pocket Shirt ,https://www.macys.com/shop/product/oneill-mens-banks-slim-fit-stretch-oxford-pocket-shirt?ID=5524335&CategoryID=20627#fn=GENDER%3DMen%26SIZE%3D%26sp%3D1%26spc%3D71%26ruleId%3D9%26kws%3Doxford%20shirt%26searchPass%3DallMultiMatchWithSpelling%26slotId%3D28,https://www.macys.com/shop/product/oneill-mens-banks-slim-fit-stretch-oxford-pocket-shirt?ID=5524335&CategoryID=20627#fn=GENDER%3DMen%26SIZE%3D%26sp%3D1%26spc%3D71%26ruleId%3D9%26kws%3Doxford%20shirt%26searchPass%3DallMultiMatchWithSpelling%26slotId%3D28,$45.00
69, Polo Ralph Lauren Men's Slim-Fit Stretch Oxford Shirt,https://www.macys.com/shop/product/polo-ralph-lauren-mens-slim-fit-stretch-oxford-shirt?ID=5182039&CategoryID=20627#fn=GENDER%3DMen%26SIZE%3D%26sp%3D1%26spc%3D71%26ruleId%3D9%26kws%3Doxford%20shirt%26searchPass%3DallMultiMatchWithSpelling%26slotId%3D29,https://www.macys.com/shop/product/polo-ralph-lauren-mens-slim-fit-stretch-oxford-shirt?ID=5182039&CategoryID=20627#fn=GENDER%3DMen%26SIZE%3D%26sp%3D1%26spc%3D71%26ruleId%3D9%26kws%3Doxford%20shirt%26searchPass%3DallMultiMatchWithSpelling%26slotId%3D29,$89.50
70, Barbour Men's Henry Navy Tattersall Check Oxford Shirt  ,https://www.macys.com/shop/product/barbour-mens-henry-navy-tattersall-check-oxford-shirt?ID=5774779&CategoryID=20627#fn=GENDER%3DMen%26SIZE%3D%26sp%3D1%26spc%3D71%26ruleId%3D9%26kws%3Doxford%20shirt%26searchPass%3DallMultiMatchWithSpelling%26slotId%3D34,https://www.macys.com/shop/product/barbour-mens-henry-navy-tattersall-check-oxford-shirt?ID=5774779&CategoryID=20627#fn=GENDER%3DMen%26SIZE%3D%26sp%3D1%26spc%3D71%26ruleId%3D9%26kws%3Doxford%20shirt%26searchPass%3DallMultiMatchWithSpelling%26slotId%3D34,$99.00
71, Barbour Men's Jeff Light Blue Plaid Oxford Shirt  ,https://www.macys.com/shop/product/barbour-mens-jeff-light-blue-plaid-oxford-shirt?ID=5774785&CategoryID=20627#fn=GENDER%3DMen%26SIZE%3D%26sp%3D1%26spc%3D71%26ruleId%3D9%26kws%3Doxford%20shirt%26searchPass%3DallMultiMatchWithSpelling%26slotId%3D35,https://www.macys.com/shop/product/barbour-mens-jeff-light-blue-plaid-oxford-shirt?ID=5774785&CategoryID=20627#fn=GENDER%3DMen%26SIZE%3D%26sp%3D1%26spc%3D71%26ruleId%3D9%26kws%3Doxford%20shirt%26searchPass%3DallMultiMatchWithSpelling%26slotId%3D35,$99.00
72, Barbour Men's Henry White Tattersall Check Oxford Shirt,https://www.macys.com/shop/product/barbour-mens-henry-white-tattersall-check-oxford-shirt?ID=5774782&CategoryID=20627#fn=GENDER%3DMen%26SIZE%3D%26sp%3D1%26spc%3D71%26ruleId%3D9%26kws%3Doxford%20shirt%26searchPass%3DallMultiMatchWithSpelling%26slotId%3D36,https://www.macys.com/shop/product/barbour-mens-henry-white-tattersall-check-oxford-shirt?ID=5774782&CategoryID=20627#fn=GENDER%3DMen%26SIZE%3D%26sp%3D1%26spc%3D71%26ruleId%3D9%26kws%3Doxford%20shirt%26searchPass%3DallMultiMatchWithSpelling%26slotId%3D36,$99.00
73, Barbour Men's Jeff Dark Blue Plaid Oxford Shirt,https://www.macys.com/shop/product/barbour-mens-jeff-dark-blue-plaid-oxford-shirt?ID=5774789&CategoryID=20627#fn=GENDER%3DMen%26SIZE%3D%26sp%3D1%26spc%3D71%26ruleId%3D9%26kws%3Doxford%20shirt%26searchPass%3DallMultiMatchWithSpelling%26slotId%3D37,https://www.macys.com/shop/product/barbour-mens-jeff-dark-blue-plaid-oxford-shirt?ID=5774789&CategoryID=20627#fn=GENDER%3DMen%26SIZE%3D%26sp%3D1%26spc%3D71%26ruleId%3D9%26kws%3Doxford%20shirt%26searchPass%3DallMultiMatchWithSpelling%26slotId%3D37,$99.00
74, Brooks Brothers Red Fleece Men's Slim-Fit Oxford Shirt,https://www.macys.com/shop/product/brooks-brothers-red-fleece-mens-slim-fit-oxford-shirt?ID=5637240&CategoryID=20627#fn=GENDER%3DMen%26SIZE%3D%26sp%3D1%26spc%3D71%26ruleId%3D9%26kws%3Doxford%20shirt%26searchPass%3DallMultiMatchWithSpelling%26slotId%3D38,https://www.macys.com/shop/product/brooks-brothers-red-fleece-mens-slim-fit-oxford-shirt?ID=5637240&CategoryID=20627#fn=GENDER%3DMen%26SIZE%3D%26sp%3D1%26spc%3D71%26ruleId%3D9%26kws%3Doxford%20shirt%26searchPass%3DallMultiMatchWithSpelling%26slotId%3D38,$49.50
75, Brooks Brothers Red Fleece Men's Gingham Oxford Shirt,https://www.macys.com/shop/product/brooks-brothers-red-fleece-mens-gingham-oxford-shirt?ID=5365515&CategoryID=20627#fn=GENDER%3DMen%26SIZE%3D%26sp%3D1%26spc%3D71%26ruleId%3D9%26kws%3Doxford%20shirt%26searchPass%3DallMultiMatchWithSpelling%26slotId%3D39,https://www.macys.com/shop/product/brooks-brothers-red-fleece-mens-gingham-oxford-shirt?ID=5365515&CategoryID=20627#fn=GENDER%3DMen%26SIZE%3D%26sp%3D1%26spc%3D71%26ruleId%3D9%26kws%3Doxford%20shirt%26searchPass%3DallMultiMatchWithSpelling%26slotId%3D39,$49.50
76, Brooks Brothers Red Fleece Men's Oxford Fun Shirt,https://www.macys.com/shop/product/brooks-brothers-red-fleece-mens-oxford-fun-shirt?ID=5365519&CategoryID=20627#fn=GENDER%3DMen%26SIZE%3D%26sp%3D1%26spc%3D71%26ruleId%3D9%26kws%3Doxford%20shirt%26searchPass%3DallMultiMatchWithSpelling%26slotId%3D40,https://www.macys.com/shop/product/brooks-brothers-red-fleece-mens-oxford-fun-shirt?ID=5365519&CategoryID=20627#fn=GENDER%3DMen%26SIZE%3D%26sp%3D1%26spc%3D71%26ruleId%3D9%26kws%3Doxford%20shirt%26searchPass%3DallMultiMatchWithSpelling%26slotId%3D40,$59.50
77, Polo Ralph Lauren Men's Long-Sleeve Checked Oxford Shirt,https://www.macys.com/shop/product/polo-ralph-lauren-mens-long-sleeve-checked-oxford-shirt?ID=5005347&CategoryID=20627#fn=GENDER%3DMen%26SIZE%3D%26sp%3D1%26spc%3D71%26ruleId%3D9%26kws%3Doxford%20shirt%26searchPass%3DallMultiMatchWithSpelling%26slotId%3D41,https://www.macys.com/shop/product/polo-ralph-lauren-mens-long-sleeve-checked-oxford-shirt?ID=5005347&CategoryID=20627#fn=GENDER%3DMen%26SIZE%3D%26sp%3D1%26spc%3D71%26ruleId%3D9%26kws%3Doxford%20shirt%26searchPass%3DallMultiMatchWithSpelling%26slotId%3D41,$89.50
78, Brooks Brothers Red Fleece Men's Oxford Slim-Fit Shirt,https://www.macys.com/shop/product/brooks-brothers-red-fleece-mens-oxford-slim-fit-shirt?ID=4790186&CategoryID=20627#fn=GENDER%3DMen%26SIZE%3D%26sp%3D1%26spc%3D71%26ruleId%3D9%26kws%3Doxford%20shirt%26searchPass%3DallMultiMatchWithSpelling%26slotId%3D42,https://www.macys.com/shop/product/brooks-brothers-red-fleece-mens-oxford-slim-fit-shirt?ID=4790186&CategoryID=20627#fn=GENDER%3DMen%26SIZE%3D%26sp%3D1%26spc%3D71%26ruleId%3D9%26kws%3Doxford%20shirt%26searchPass%3DallMultiMatchWithSpelling%26slotId%3D42,$49.50
79, Polo Ralph Lauren Men's Long-Sleeve Multi-Striped Oxford Shirt,https://www.macys.com/shop/product/polo-ralph-lauren-mens-long-sleeve-multi-striped-oxford-shirt?ID=2048224&CategoryID=20627#fn=GENDER%3DMen%26SIZE%3D%26sp%3D1%26spc%3D71%26ruleId%3D9%26kws%3Doxford%20shirt%26searchPass%3DallMultiMatchWithSpelling%26slotId%3D43,https://www.macys.com/shop/product/polo-ralph-lauren-mens-long-sleeve-multi-striped-oxford-shirt?ID=2048224&CategoryID=20627#fn=GENDER%3DMen%26SIZE%3D%26sp%3D1%26spc%3D71%26ruleId%3D9%26kws%3Doxford%20shirt%26searchPass%3DallMultiMatchWithSpelling%26slotId%3D43,$89.50
80, Polo Ralph Lauren Men's Classic Fit Knit Oxford Shirt,https://www.macys.com/shop/product/polo-ralph-lauren-mens-classic-fit-knit-oxford-shirt?ID=5188137&CategoryID=20640#fn=GENDER%3DMen%26SIZE%3D%26sp%3D1%26spc%3D71%26ruleId%3D9%26kws%3Doxford%20shirt%26searchPass%3DallMultiMatchWithSpelling%26slotId%3D44,https://www.macys.com/shop/product/polo-ralph-lauren-mens-classic-fit-knit-oxford-shirt?ID=5188137&CategoryID=20640#fn=GENDER%3DMen%26SIZE%3D%26sp%3D1%26spc%3D71%26ruleId%3D9%26kws%3Doxford%20shirt%26searchPass%3DallMultiMatchWithSpelling%26slotId%3D44,$98.50
81," American Rag Men's Chambray Oxford Shirt, Created for Macy's",https://www.macys.com/shop/product/american-rag-mens-chambray-oxford-shirt-created-for-macys?ID=5139729&CategoryID=20627#fn=GENDER%3DMen%26SIZE%3D%26sp%3D1%26spc%3D71%26ruleId%3D9%26kws%3Doxford%20shirt%26searchPass%3DallMultiMatchWithSpelling%26slotId%3D45,https://www.macys.com/shop/product/american-rag-mens-chambray-oxford-shirt-created-for-macys?ID=5139729&CategoryID=20627#fn=GENDER%3DMen%26SIZE%3D%26sp%3D1%26spc%3D71%26ruleId%3D9%26kws%3Doxford%20shirt%26searchPass%3DallMultiMatchWithSpelling%26slotId%3D45,Now $22.50
82, Polo Ralph Lauren Men's Iconic Plaid Slim-Fit Oxford Shirt,https://www.macys.com/shop/product/polo-ralph-lauren-mens-iconic-plaid-slim-fit-oxford-shirt?ID=4603213&CategoryID=20627#fn=GENDER%3DMen%26SIZE%3D%26sp%3D1%26spc%3D71%26ruleId%3D9%26kws%3Doxford%20shirt%26searchPass%3DallMultiMatchWithSpelling%26slotId%3D46,https://www.macys.com/shop/product/polo-ralph-lauren-mens-iconic-plaid-slim-fit-oxford-shirt?ID=4603213&CategoryID=20627#fn=GENDER%3DMen%26SIZE%3D%26sp%3D1%26spc%3D71%26ruleId%3D9%26kws%3Doxford%20shirt%26searchPass%3DallMultiMatchWithSpelling%26slotId%3D46,Now $26.86
83, Ben Sherman Men's Slim-Fit White Solid Oxford Dress Shirt,https://www.macys.com/shop/product/ben-sherman-mens-slim-fit-white-solid-oxford-dress-shirt?ID=4760755&CategoryID=20635#fn=GENDER%3DMen%26SIZE%3D%26sp%3D1%26spc%3D71%26ruleId%3D9%26kws%3Doxford%20shirt%26searchPass%3DallMultiMatchWithSpelling%26slotId%3D47,https://www.macys.com/shop/product/ben-sherman-mens-slim-fit-white-solid-oxford-dress-shirt?ID=4760755&CategoryID=20635#fn=GENDER%3DMen%26SIZE%3D%26sp%3D1%26spc%3D71%26ruleId%3D9%26kws%3Doxford%20shirt%26searchPass%3DallMultiMatchWithSpelling%26slotId%3D47,Sale $68.99
84, Polo Ralph Lauren Men's Pinpoint Oxford Solid Dress Shirt,https://www.macys.com/shop/product/polo-ralph-lauren-mens-pinpoint-oxford-solid-dress-shirt?ID=2045081&CategoryID=20635#fn=GENDER%3DMen%26SIZE%3D%26sp%3D1%26spc%3D71%26ruleId%3D9%26kws%3Doxford%20shirt%26searchPass%3DallMultiMatchWithSpelling%26slotId%3D48,https://www.macys.com/shop/product/polo-ralph-lauren-mens-pinpoint-oxford-solid-dress-shirt?ID=2045081&CategoryID=20635#fn=GENDER%3DMen%26SIZE%3D%26sp%3D1%26spc%3D71%26ruleId%3D9%26kws%3Doxford%20shirt%26searchPass%3DallMultiMatchWithSpelling%26slotId%3D48,$98.50
85, Van Heusen Classic-Fit Easy Care Pinpoint Oxford Dress Shirt,https://www.macys.com/shop/product/van-heusen-classic-fit-easy-care-pinpoint-oxford-dress-shirt?ID=744772&CategoryID=20635#fn=GENDER%3DMen%26SIZE%3D%26sp%3D1%26spc%3D71%26ruleId%3D9%26kws%3Doxford%20shirt%26searchPass%3DallMultiMatchWithSpelling%26slotId%3D49,https://www.macys.com/shop/product/van-heusen-classic-fit-easy-care-pinpoint-oxford-dress-shirt?ID=744772&CategoryID=20635#fn=GENDER%3DMen%26SIZE%3D%26sp%3D1%26spc%3D71%26ruleId%3D9%26kws%3Doxford%20shirt%26searchPass%3DallMultiMatchWithSpelling%26slotId%3D49,Sale $27.99
86, Polo Ralph Lauren Pinpoint Oxford Blue Stripe Dress Shirt,https://www.macys.com/shop/product/polo-ralph-lauren-pinpoint-oxford-blue-stripe-dress-shirt?ID=2045147&CategoryID=20635#fn=GENDER%3DMen%26SIZE%3D%26sp%3D1%26spc%3D71%26ruleId%3D9%26kws%3Doxford%20shirt%26searchPass%3DallMultiMatchWithSpelling%26slotId%3D50,https://www.macys.com/shop/product/polo-ralph-lauren-pinpoint-oxford-blue-stripe-dress-shirt?ID=2045147&CategoryID=20635#fn=GENDER%3DMen%26SIZE%3D%26sp%3D1%26spc%3D71%26ruleId%3D9%26kws%3Doxford%20shirt%26searchPass%3DallMultiMatchWithSpelling%26slotId%3D50,$98.50
87, Polo Ralph Lauren Men's Big & Tall Classic Fit Oxford Shirt,https://www.macys.com/shop/product/polo-ralph-lauren-mens-big-tall-classic-fit-oxford-shirt?ID=5188398&CategoryID=20627#fn=GENDER%3DMen%26SIZE%3D%26sp%3D1%26spc%3D71%26ruleId%3D9%26kws%3Doxford%20shirt%26searchPass%3DallMultiMatchWithSpelling%26slotId%3D51,https://www.macys.com/shop/product/polo-ralph-lauren-mens-big-tall-classic-fit-oxford-shirt?ID=5188398&CategoryID=20627#fn=GENDER%3DMen%26SIZE%3D%26sp%3D1%26spc%3D71%26ruleId%3D9%26kws%3Doxford%20shirt%26searchPass%3DallMultiMatchWithSpelling%26slotId%3D51,$125.00
88, Tommy Hilfiger Men's Big & Tall Andrew Pieced Custom-Fit Oxford Shirt,https://www.macys.com/shop/product/tommy-hilfiger-mens-big-tall-andrew-pieced-custom-fit-oxford-shirt?ID=6210866&CategoryID=20627#fn=GENDER%3DMen%26SIZE%3D%26sp%3D1%26spc%3D71%26ruleId%3D9%26kws%3Doxford%20shirt%26searchPass%3DallMultiMatchWithSpelling%26slotId%3D52,https://www.macys.com/shop/product/tommy-hilfiger-mens-big-tall-andrew-pieced-custom-fit-oxford-shirt?ID=6210866&CategoryID=20627#fn=GENDER%3DMen%26SIZE%3D%26sp%3D1%26spc%3D71%26ruleId%3D9%26kws%3Doxford%20shirt%26searchPass%3DallMultiMatchWithSpelling%26slotId%3D52,$89.50
89, Brooks Brothers Red Fleece Men's Plaid Supima Cotton Oxford Shirt ,https://www.macys.com/shop/product/brooks-brothers-red-fleece-mens-plaid-supima-cotton-oxford-shirt?ID=5764002&CategoryID=20627#fn=GENDER%3DMen%26SIZE%3D%26sp%3D1%26spc%3D71%26ruleId%3D9%26kws%3Doxford%20shirt%26searchPass%3DallMultiMatchWithSpelling%26slotId%3D53,https://www.macys.com/shop/product/brooks-brothers-red-fleece-mens-plaid-supima-cotton-oxford-shirt?ID=5764002&CategoryID=20627#fn=GENDER%3DMen%26SIZE%3D%26sp%3D1%26spc%3D71%26ruleId%3D9%26kws%3Doxford%20shirt%26searchPass%3DallMultiMatchWithSpelling%26slotId%3D53,$49.50
90, Ben Sherman Men's Slim-Fit Light Blue Solid Oxford Dress Shirt,https://www.macys.com/shop/product/ben-sherman-mens-slim-fit-light-blue-solid-oxford-dress-shirt?ID=4760758&CategoryID=20635#fn=GENDER%3DMen%26SIZE%3D%26sp%3D1%26spc%3D71%26ruleId%3D9%26kws%3Doxford%20shirt%26searchPass%3DallMultiMatchWithSpelling%26slotId%3D54,https://www.macys.com/shop/product/ben-sherman-mens-slim-fit-light-blue-solid-oxford-dress-shirt?ID=4760758&CategoryID=20635#fn=GENDER%3DMen%26SIZE%3D%26sp%3D1%26spc%3D71%26ruleId%3D9%26kws%3Doxford%20shirt%26searchPass%3DallMultiMatchWithSpelling%26slotId%3D54,Sale $68.99
91," Tommy Hilfiger Men's Blaine Custom-Fit Stripe Oxford Shirt, Created for Macy's  ",https://www.macys.com/shop/product/tommy-hilfiger-mens-blaine-custom-fit-stripe-oxford-shirt-created-for-macys?ID=5971595&CategoryID=20627#fn=GENDER%3DMen%26SIZE%3D%26sp%3D1%26spc%3D71%26ruleId%3D9%26kws%3Doxford%20shirt%26searchPass%3DallMultiMatchWithSpelling%26slotId%3D55,https://www.macys.com/shop/product/tommy-hilfiger-mens-blaine-custom-fit-stripe-oxford-shirt-created-for-macys?ID=5971595&CategoryID=20627#fn=GENDER%3DMen%26SIZE%3D%26sp%3D1%26spc%3D71%26ruleId%3D9%26kws%3Doxford%20shirt%26searchPass%3DallMultiMatchWithSpelling%26slotId%3D55,Now $47.70
92, Polo Ralph Lauren Men's Big & Tall Short-Sleeve Classic Fit Oxford Shirt,https://www.macys.com/shop/product/polo-ralph-lauren-mens-big-tall-short-sleeve-classic-fit-oxford-shirt?ID=5188294&CategoryID=20627#fn=GENDER%3DMen%26SIZE%3D%26sp%3D1%26spc%3D71%26ruleId%3D9%26kws%3Doxford%20shirt%26searchPass%3DallMultiMatchWithSpelling%26slotId%3D56,https://www.macys.com/shop/product/polo-ralph-lauren-mens-big-tall-short-sleeve-classic-fit-oxford-shirt?ID=5188294&CategoryID=20627#fn=GENDER%3DMen%26SIZE%3D%26sp%3D1%26spc%3D71%26ruleId%3D9%26kws%3Doxford%20shirt%26searchPass%3DallMultiMatchWithSpelling%26slotId%3D56,$89.50
93," Tommy Hilfiger Men's Saxon Custom-Fit Hidden-Placket Oxford Shirt, Created for Macy's  ",https://www.macys.com/shop/product/tommy-hilfiger-mens-saxon-custom-fit-hidden-placket-oxford-shirt-created-for-macys?ID=5971594&CategoryID=20627#fn=GENDER%3DMen%26SIZE%3D%26sp%3D1%26spc%3D71%26ruleId%3D9%26kws%3Doxford%20shirt%26searchPass%3DallMultiMatchWithSpelling%26slotId%3D57,https://www.macys.com/shop/product/tommy-hilfiger-mens-saxon-custom-fit-hidden-placket-oxford-shirt-created-for-macys?ID=5971594&CategoryID=20627#fn=GENDER%3DMen%26SIZE%3D%26sp%3D1%26spc%3D71%26ruleId%3D9%26kws%3Doxford%20shirt%26searchPass%3DallMultiMatchWithSpelling%26slotId%3D57,Now $47.70
94," Club Room Men's Solid Stretch Oxford Cotton Shirt, Created for Macy's",https://www.macys.com/shop/product/club-room-mens-solid-stretch-oxford-cotton-shirt-created-for-macys?ID=4067693&CategoryID=20627#fn=GENDER%3DMen%26SIZE%3D%26sp%3D1%26spc%3D71%26ruleId%3D9%26kws%3Doxford%20shirt%26searchPass%3DallMultiMatchWithSpelling%26slotId%3D58,https://www.macys.com/shop/product/club-room-mens-solid-stretch-oxford-cotton-shirt-created-for-macys?ID=4067693&CategoryID=20627#fn=GENDER%3DMen%26SIZE%3D%26sp%3D1%26spc%3D71%26ruleId%3D9%26kws%3Doxford%20shirt%26searchPass%3DallMultiMatchWithSpelling%26slotId%3D58,Sale $34.99
95, Polo Ralph Lauren Men's Classic Fit Long Sleeve Solid Oxford Shirt,https://www.macys.com/shop/product/polo-ralph-lauren-mens-classic-fit-long-sleeve-solid-oxford-shirt?ID=2048223&CategoryID=20627#fn=GENDER%3DMen%26SIZE%3D%26sp%3D1%26spc%3D71%26ruleId%3D9%26kws%3Doxford%20shirt%26searchPass%3DallMultiMatchWithSpelling%26slotId%3D59,https://www.macys.com/shop/product/polo-ralph-lauren-mens-classic-fit-long-sleeve-solid-oxford-shirt?ID=2048223&CategoryID=20627#fn=GENDER%3DMen%26SIZE%3D%26sp%3D1%26spc%3D71%26ruleId%3D9%26kws%3Doxford%20shirt%26searchPass%3DallMultiMatchWithSpelling%26slotId%3D59,$89.50
96, Polo Ralph Lauren Men's Big and Tall Long-Sleeve Stripe Oxford Shirt,https://www.macys.com/shop/product/polo-ralph-lauren-mens-big-tall-long-sleeve-stripe-oxford-shirt?ID=1117341&CategoryID=20627#fn=GENDER%3DMen%26SIZE%3D%26sp%3D1%26spc%3D71%26ruleId%3D9%26kws%3Doxford%20shirt%26searchPass%3DallMultiMatchWithSpelling%26slotId%3D60,https://www.macys.com/shop/product/polo-ralph-lauren-mens-big-tall-long-sleeve-stripe-oxford-shirt?ID=1117341&CategoryID=20627#fn=GENDER%3DMen%26SIZE%3D%26sp%3D1%26spc%3D71%26ruleId%3D9%26kws%3Doxford%20shirt%26searchPass%3DallMultiMatchWithSpelling%26slotId%3D60,$98.50
97,Oxford slim fit shirt,https://www.gap.comhttps://www.gap.com/browse/product.do?pcid=5058&vid=1&pid=644132002&searchText=oxford-shirt,https://www4.assets-gap.com/webcontent/0013/783/802/cn13783802.jpg,$44.95
98,Oxford standard fit short sleeve shirt,https://www.gap.comhttps://www.gap.com/browse/product.do?pcid=5058&vid=1&pid=644132002&searchText=oxford-shirt,https://www2.assets-gap.com/webcontent/0014/120/806/cn14120806.jpg,$44.95
99,Oxford Short Sleeve Shirt in Stretch,https://www.gap.comhttps://www.gap.com/browse/product.do?pcid=5058&vid=1&pid=155745022&searchText=oxford-shirt,https://www2.assets-gap.com/webcontent/0015/169/034/cn15169034.jpg,$39.95
100,Oxford short sleeve standard fit shirt,https://www.gap.comhttps://www.gap.com/browse/product.do?pcid=5058&vid=1&pid=155745022&searchText=oxford-shirt,https://www4.assets-gap.com/webcontent/0013/328/961/cn13328961.jpg,$49.95
101,Standard Fit Shirt in Oxford with Contrast Pocket,https://www.gap.comhttps://www.gap.com/browse/product.do?pcid=5058&vid=1&pid=272538092&searchText=oxford-shirt,https://www4.assets-gap.com/webcontent/0014/946/104/cn14946104.jpg,$49.95
102,Colorblock Oxford Shirt,https://www.gap.comhttps://www.gap.com/browse/product.do?pcid=5058&vid=1&pid=272538092&searchText=oxford-shirt,https://www4.assets-gap.com/webcontent/0014/930/692/cn14930692.jpg,$59.95
103,Oxford Shirt in Stretch,https://www.gap.comhttps://www.gap.com/browse/product.do?pcid=5058&vid=1&pid=178297032&searchText=oxford-shirt,https://www1.assets-gap.com/webcontent/0014/930/888/cn14930888.jpg,$49.95
104,Short Sleeve Oxford Shirt,https://www.gap.comhttps://www.gap.com/browse/product.do?pcid=5058&vid=1&pid=178297032&searchText=oxford-shirt,https://www4.assets-gap.com/webcontent/0014/938/748/cn14938748.jpg,$49.95
105,Pattern Oxford Shirt in Stretch,https://www.gap.comhttps://www.gap.com/browse/product.do?pcid=5058&vid=2&pid=228169002&searchText=oxford-shirt,https://www3.assets-gap.com/webcontent/0015/097/253/cn15097253.jpg,$49.95
106,Oxford garment-dye slim fit shirt,https://www.gap.comhttps://www.gap.com/browse/product.do?pcid=5058&vid=1&pid=228187002&searchText=oxford-shirt,https://www4.assets-gap.com/webcontent/0013/743/929/cn13743929.jpg,$44.95
107,Oxford bengal stripe standard fit shirt,https://www.gap.comhttps://www.gap.com/browse/product.do?pcid=5058&vid=1&pid=228187002&searchText=oxford-shirt,https://www2.assets-gap.com/webcontent/0014/331/699/cn14331699.jpg,$39.95
108,Oxford micro gingham standard fit shirt,https://www.gap.comhttps://www.gap.com/browse/product.do?pcid=5058&vid=6&pid=227655052&searchText=oxford-shirt,https://www2.assets-gap.com/webcontent/0014/528/302/cn14528302.jpg,$49.95
109,Oxford solid slim fit shirt,https://www.gap.comhttps://www.gap.com/browse/product.do?pcid=5058&vid=6&pid=227655052&searchText=oxford-shirt,https://www1.assets-gap.com/webcontent/0013/294/529/cn13294529.jpg,$49.95
110,Limited Edition Embroidered Short Sleeve Shirt,https://www.gap.comhttps://www.gap.com/browse/product.do?pcid=5058&vid=1&pid=227665102&searchText=oxford-shirt,https://www1.assets-gap.com/webcontent/0014/915/862/cn14915862.jpg,$59.95
